WP260qJAo6,LgGNNDR7Vl,0.4
R66uXO6er6,BaSQ7g0osU,0.5
dnGyvx46ep,eW4qHCbqx3,0.5
RR3ILZvUPK,QJIda9RPHD,0.6
6vlOD3Kx6Q,1qjBiXhlYy,0.7
Fx7FQJ4ZkI,U24RwmUTZA,0.6
YK9uKMscfZ,EiCCHkoe7k,0.6
tSUQToAYHS,mdnf2wDVKi,0.5
rqmrhVmqgQ,66VRAEV9yK,0.8
HgfwDHaspe,Ss01C6ny1O,0.7
7W9xhjj8hE,xzsudLqUCL,0.7
t92yxYYDLt,SU68JGiiSo,0.9
fRk6Hm6EIN,9jXYH5UAL6,0.5
afZcmndKWZ,2Co4QCjEta,0.8
mIl1zx0ZqT,1TBE1uq91X,0.7
TlpsAliv64,wcvr5tHjJW,0.7
KokKBQSeEu,Nxv1K5H2sC,0.7
JLczrVyki7,0KFfivmFfc,0.9
sKMmwCRSMc,XL1N1oq5V4,0.7
5jXmA35cQl,hpADMkfd2F,1.0
A86QWvN4Ec,1jQ0F0qL5Y,0.8
On0716AOrZ,icQMBTNnNR,0.5
mDYWeohM1C,28x70kKZiE,0.8
klH144BHiO,zhs8hmOfvA,0.6
FS62fHuLLX,kzmwouxR5D,0.6
DNodXZjRFQ,3I1bEWly5j,0.7
R2Bn2oI508,Jcm6YoC4IR,0.4
OZHrhV0WRU,Tb7Y33addU,0.7
aEPBpB39Pp,xjfkvR6gDZ,0.8
iORQfCtBRz,c7jXF08Jg4,0.7
2xCZSgw7aR,uoHCXEPsWf,0.9
g7TnBhd6rH,QJrwblMA31,0.6
KwdiwLz0pq,sOTjbEeMhO,0.6
dGvBmpklbi,330jh1lCFT,0.4
4XzSUi5VBp,s30ipyxzgk,0.9
U7HNAoo2yv,8NvgjuGJAf,0.7
sgKNCoFdrm,6tvif34gFJ,0.8
Ew8fSU9H3k,0e61mlwJKH,0.5
n1m1OEynUU,4e5GWgwvCw,0.5
FesNoUPlwb,yPh2Mr8QrC,0.7
PO4E0BF69z,NMKeKyY71A,0.9
SNT7vxQS8w,lmUgXpSQCI,0.6
PT0Z6TvTA7,2PZmKm9uCD,0.6
B7aqFOzZ6m,vnBA7YqywQ,0.9
JmvFUQYsSk,iCIhS3FbDw,0.6
KnzQ7q0L5N,beVi6K0aNA,0.7
LLAHnARRqV,KPUn5sQ2bJ,0.6
40Pm2ZD2Re,DcHIQxRste,0.8
MZ0ZalOiy0,SaDdZBmdVA,0.8
dbUYBTzC3r,y6Pam9ybGG,0.8
Hz57VZEMcL,j4Vlr4LhrR,0.6
XUacz3uHvK,n18O0tTues,0.5
KklmKzcxzj,B7DJukVPhG,0.7
84iGVfZ82T,PAUcgt4rDj,0.6
kuJf5b15LA,5pBN3u1eq7,0.8
TBcyyU3MqJ,de05ntVsJ9,0.7
sMxi4FSJJY,EZKd3AGW1t,0.7
YKCXjaVhpD,dpdtcMsTda,0.7
pVok43WFZB,YtOiXeyWMP,0.3
CeTzwSK24o,wll15W8e87,0.6
da8mHiJVJz,0dUUyRKYkp,0.6
InTCjlzR7h,0QeOwczCYd,0.5
TVEA3Di0Tr,wDEONv40Sm,0.8
owz9lwD0wF,rlZAKp9urq,0.7
5FUYnHnEb0,IsbTjtVhTO,0.7
sn9BVXq8es,69UPW2liWf,0.7
scyBXlNbo9,knbae3yX6z,0.8
FqG9MQqcrw,0ymixmmxuq,0.8
DTaEwDHTPQ,jtjNP9s6Jw,0.7
40QLAhzcsL,fI3QXrfdpg,0.7
8mXDUOt7f6,9YJ7o9pZt3,0.8
RwyhEHzGFc,IEZUCjLxWI,0.7
hJr0Vyh3Gz,duxD0AuChY,0.8
Lw22G89REa,eYjUdERGKS,0.7
q87LS3KKDm,iBXrgbirDN,0.6
8hmCnRBsZC,ySCHLCdcGv,0.8
uCTQRxv373,of7oeKyFqt,0.7
CGW6j1CXL1,Err4Gvvwre,0.8
rCVBQUJ4yQ,N7qRa3KxbH,0.8
f3D1R0ixjW,XJ2kcUEtbc,0.9
YHr3blKYSS,5bt0yeyzqb,0.8
j5p5HjWZAu,9UufN21tbI,0.9
FA0tBgAcaZ,keCHpWeCfz,0.8
MDdoSv33zB,1YoIXDqDeD,0.8
PCSYIaqFkE,weGmjGyHIF,0.8
bjcs6c0rxn,2szPTHqmpv,0.7
quVwMPMgPS,65dUlStvJw,0.3
uW2HaJZHwE,zsyx4UhUjm,0.8
BBJBEOhyDi,tLOTJL9byr,0.9
GtSmWttAIV,iG3Z5VYj2S,0.8
BouLRFwRwM,hqjQFAdyzW,0.9
Sm3QYKG2uA,XUA6RnGt81,0.9
AdiRkRAhLs,wCxMU95ONc,0.8
RYigB4dipw,X0kJWCZUTX,0.9
m9rRVKWLEp,Cu7AEjUbYS,0.5
QQwylbMTos,hT0Dhmlb1R,0.5
xrizQYTXGR,ELQUFQXOfy,0.9
2P9iNZWXPc,y3YM4duKao,1.0
ei4DwHjZG3,Xf40IcSOG1,0.8
lA65O14pFr,KJmAzlo1d8,0.7
heSpX4FFdl,RcWHOCvEu6,0.7
vMy8UVCSJQ,JI759vIVw4,0.8
fpSCqWrQhi,nNdXWqe0Dy,0.9
ZTosrTO7Vf,PMCtXAsCEw,0.6
uYap6jcLSf,v3KS7Gk4JO,0.8
4tFafAxiok,CnVBoREr3P,0.9
dqnFOgpdrK,zPPINFSFuh,0.8
QTcE4chfmD,SDBPXmCQkh,0.7
ozwzDoTLRx,gxP48bzrzT,0.6
duwH2fRI8v,4prZnWBZ0A,0.9
n84j7kc0Mc,10gFo7aXRR,0.9
4HYy439KoE,AIkm455Lj8,0.6
j8vx1Hrnrq,Y2jn3xGcvK,0.8
IICGSu3DJF,VUaLGrv9U0,0.9
GBxXBh4yEc,cFTOYm35hG,0.5
LQJSju1lju,3204RvkrS8,0.6
eRUqnQu3NB,lO6JbKoY21,0.5
5xhg6qemK8,CxBTZm2wZw,0.8
H4LyFt8Ci1,vUFecfbvBY,0.5
qTup14pazc,ucP9XvLxxN,0.7
JgRFAsqJpK,DRanIWviCh,0.9
8G2W0HcVKD,IoGs3PwjqV,0.5
u3Sx7MUOj4,UvZWz9L71H,0.7
mo1dsDyyvu,52NTYPOYf6,0.5
bdIJgJqmJi,5HxAOR28Kh,0.6
TbR7gpvGTb,vOl1KT3f5Z,0.6
BVbXYIZH3h,1hHlt9q3X9,0.6
1W11UjXGcE,wJG6XWKF1y,0.4
peL3kvzz2Q,OS6OotK5Cf,0.5
wIeadeLfZg,B5svcxfExy,0.6
iWn1BOX5v6,93hgmQix8S,0.4
C1MesE1vSH,LjVKXG5L7V,0.7
OvFj6RUDeR,Zx4wnvMKj8,0.7
7Auhq0uHLZ,gbdxH5kc48,0.6
uhM6sTVLoG,1VIWTAP2fU,0.6
6VPiIQVyrI,hVZPv0zzb1,0.7
kgfkEjcmUQ,AjIomx9OIu,0.8
0hkCnwnrnw,OhtNNAgc0e,0.5
S7aUkZr9xn,CVgenBTdVu,0.7
mJM2UmJYmD,AUjWWcIvJg,0.5
xl5gdIOvBE,0HbeaUKxDS,0.9
vBLrIFUcpi,jI82CWisbL,0.5
lrMUWlWWpW,WPlQyXxBKr,0.9
eRAZc6V1M2,STMVZStuO2,0.7
DmAidr7PUL,3zdRykYdPx,0.7
9CfYhvwLcw,JvvgnrV4pg,0.7
3XGH6DZViU,dKcqjNC2YR,0.7
VNoQjXGakX,IOUmg08ucd,0.5
rGW9SJbaQK,BEQ2o0hqbz,0.9
qQbPdUE1zK,SdsC4VIAQg,0.5
gAqYMqVSTF,6KmgPXDwDp,0.7
MUxOHkLW6g,L1QPVGEyxd,0.6
BcKdfSJo6s,fCNn6q2Q6t,0.6
uieRqzMoqA,HXWfeGJx8O,0.6
KbPrBF6qfU,hjnPREGAVP,0.7
NXjXDWgOh1,ay9sDmKrXN,0.7
tM0c6YaHAK,aGhtxwXx91,0.5
uyz6HGOl1d,RYv2QqpshG,0.7
JxBXRUAiYo,JXFVDTmbe0,0.7
bZetIVnt03,ZKaiEko1s4,0.7
KgG2bQjdI1,NQ84HrUl8Q,0.6
63DjAp23eQ,VY8xD2VErJ,0.7
niWWneA1bE,swZA7ISdG5,0.7
GhXCV6XHUN,xh9LYFpDOX,1.1
xo5p3Op3u7,eRRXKCai6e,0.6
cxnBaRkfBv,nibM8HpJhB,0.6
acFJTdk6hp,8q2j0CVHWt,0.7
PBOmJbgyPl,L1h7Bd50tI,0.8
dO8jmirfqp,fV3B71ifYx,0.5
TkQG8iqOJe,my38M69lSL,0.7
u2YSbsPVYo,2elNfMgKuB,0.5
6r0Gf6GNlC,JaT1uBsFnn,0.4
0x5BeqO2pt,qLl6nWhC5D,0.6
fnbqDvpvIx,XUANKVW6sc,0.7
uHJodbGBlh,GwdrzQ8dpb,0.7
e1S1HxVfLp,3mvoJZJZym,0.8
Y0tyz1QyUV,MqqojyCQGr,1.0
x6ndjdvFzQ,Vi2Ihxnm4q,0.6
m4HpQeIf6I,FDd6dOcjYc,0.7
nuQ0tehJ2f,5Og6AtdLd8,0.6
tbwz2Wncrm,9G1viWXImO,0.7
pRokfWA4xM,Q0kg2XjC0j,0.5
OzDSnOveby,2MbtN1wgoc,0.6
k2pErpV9yw,mBbvzt9h5p,0.9
OXeAE3xJPV,Cq8fc7499E,0.6
pK6Cqidl0K,CN5STN627p,0.8
KBcBzCB6fB,gyrisecaGo,0.8
GQvmEptJo0,ZLr989elXy,0.9
du2GMujNIU,aUZc2a3yEV,0.7
c8qbZQdWJW,P0xA6uCrMn,0.7
k6N91PHKSR,ZU3UXGJKjE,0.8
tP2HWXRE4o,mpJQofgzpy,0.9
UGXybKGjDT,0LC6vAOOwO,0.6
0ZZmuVcW8Q,xWyaXqmbM4,0.8
SSxUPvWZrF,FbwDJktSmr,0.9
rUIhGwdKVd,frqUvcbyrU,0.7
U2K9SZZF0a,zVB9HVSqH3,0.8
ntaCDenRle,tlkKvL2Hiv,0.5
V8PEZjBq9A,SxDGbQUDmc,0.6
6Qeb8iMMGb,4T9TLdC8yN,0.7
si6I8vq6dD,SsHfl8ZKN7,0.7
zjfeqtfha8,SYli46gfXb,0.6
wUJVpCm1RS,K2lAim3RyX,0.9
60MTrwuOWa,qQi6VPitM3,0.7
2cXQoCXNC5,6YCIfr8vFO,0.7
3Qftem8gY4,I1cQIAyWbJ,0.5
OJbUEylbHa,qF5XJtq4Rw,0.8
hx1Cf2gsLd,Dptp1vNev5,0.9
eawDKV1mKR,iYc78kbVyP,0.8
lNVxEF9kU3,UDyQCGluOZ,0.6
ceuAAACTig,bkzr4qrK8w,0.5
UTXoVXYm4g,0wiFPNe5tW,0.8
44gMdn0LkZ,pxr71H1zx9,0.8
2D4xL3XSmt,7XKHi3kQ8W,0.6
fK3bp7vbys,7Ni8V7EAjJ,0.4
oXqXLw6hDl,7w2MYy2XSK,0.6
GAeh9ualgb,ui41XMacXG,0.9
4mlZNRrn5V,WEfTv06HtZ,0.7
25JveJAL9e,GtyIA4sINo,0.7
wwPAIyo164,BkiGYyns3O,0.5
GLU1X1INt3,kdcAaEapq5,0.5
Nmx0lQCvp2,KtUEr1dkOX,0.7
0kwRmeyiEB,zk9SQbm7CD,0.6
7zUYB6FGrw,JLczrVyki7,0.6
NOZvlx6ZlH,87kghDWdJR,0.9
xqo1tIpcNZ,XDbg7s8bua,0.7
PD7dhG8Z0k,qQOzRMD93F,0.5
ezVDPgkbmt,LxSXOXQVFs,0.8
MHgL0b6L3h,yZKJ0VHHu7,1.2
KIyUwac1hK,OKcunQXSm0,0.6
zcSVtuz7Kq,6Qym5kHHvN,0.7
3NAvsatSzZ,NgZz165YJa,0.6
nXxM0aPD4q,HOsMt9gEIf,0.7
1aHSIA3nWJ,Ru1vAowKh5,0.5
jjbacb1au9,bILVxHGXQK,0.8
NHtkA5sen9,ElYBNXVEwX,0.9
tMWKXrHWnX,d9iM2I9LWH,0.8
zDSAPMcomu,X4ZSJFCI6F,0.9
foc1PgN7DX,XD83styCKk,0.6
RASpwOjeZE,5nNrVH2TGR,0.8
sTNdMUbJ1q,Vh2LixqeuA,0.5
J4JU0EktjI,ZAtV0eOIQI,0.7
FlPPDInn4i,6BbBb0JWB1,0.8
wIiw9V8faA,jDOgaOcipe,0.7
xXm6tdxz6L,CXlTbomy4f,0.6
rnTlQgZUDJ,nsZ0318vK4,0.5
IALZyuU8Q6,cIKp25lxur,0.8
md0FRLLGlP,aAB9bkgjTC,0.7
0UGCXADGe5,pzIIE33XZn,0.8
mP5382Fpmp,eT2TYd5MXh,0.7
5HWFyYXL5t,A916W1vFCC,0.7
wdRD5B9ypm,6ap2kAArl8,0.8
Rjy03FzUpU,13TS2aawEn,0.7
7aC1z7kPNf,V5aUos9LCd,0.8
vWwLykq9vW,ijjQmy9KNL,0.6
r62oMRkgRg,VM6QcPZJMF,0.6
6eg9H8U3QJ,qyp6brI58I,0.8
P4Zd9YiA6S,h83hFsU8pH,0.7
9zwzBRbaQN,HRfDbHZwIo,0.6
DqUKrch9Ou,wX5VR07Lyj,0.6
TBrl4TY2D8,AtENnfq1LM,1.1
nlAq9TNjrE,9GLTq7kULK,0.7
Uiyxn9Yx3c,nQVP6AA3jZ,0.5
H65dWGEuhT,Lgp0ryLRZn,0.8
hOb33fPmif,ee1jB8MrfR,0.7
FAgMuf77nz,vaBMjok4b8,0.6
USME5vJi3s,MHCgY4sftz,0.7
9cyRbR9krj,SHh1zwHvVK,0.5
gU4mP2bc6Y,T2b7l3xXq5,0.6
c1RpAE5KbH,7JrQhgrHJe,0.7
YNFbCRuAUP,I17jJyMCib,0.5
0r5Qql5uHA,6qYmGabQea,0.9
smZjkhErtC,22gqfQZ8HZ,0.8
lbtJZffAJx,WuQgEN5TBD,0.8
GzNUbOO4RF,her0Q30ep6,0.3
JKpv12jSR3,e1S1HxVfLp,0.8
EXG1UgA1Xq,mYsrYyJn79,0.7
45kMUSi1RJ,Z2rqddqdbH,0.7
CWgqcdcGFG,GoAfpmAIUV,0.8
OaN7Loxa39,y5t6wT1hBg,0.9
8DNc1OfKTv,x5gBkcDJ0J,0.8
uulVJR2s0V,Siaad325tv,0.7
ra1TlPNDzv,8SFLjYA9na,0.7
n7kSwAGTLJ,DwCpITjpx9,0.8
XjEi8QOOqn,tO11Rdw6gK,0.7
otvAi1ZKvZ,yN206MczEp,0.8
jF5Y1BEvil,wLbO1op9bE,0.8
PbpuiW8wEK,082LqNmdE7,0.4
PPsxtIvhQV,f7inx050r2,0.6
MYwwloPeVf,hpcmx2mATT,0.9
PxgN9nVlN4,pF6OyVEAnM,0.7
mfGrXIfMm6,FV7HSEw64n,0.7
lBgxGHu1HW,0Sf3aBteJo,0.7
zfwPHCri5h,2H1itGIsJf,0.5
2TfTltiNW5,oiFaa5IPKE,0.6
qpOnRqOxNd,SJ8RqzQRgk,0.7
hJPpmV8LPB,eMPeg5pbj6,0.8
M59zifVMmV,9BSTpVnIyR,0.7
E2JQyc31GS,N3amvrRrVp,0.9
bIty0Ib2tp,K5ulhX5PEA,0.5
H1t5lpKdAT,fxbM9gESmv,0.6
bsamyRZtYT,uTg9L2IAN4,1.1
2LP33FCEUO,3lBGHxdMMf,0.6
AL5LhM81Og,2m9UncQ1Le,0.6
oR1uBLO2Mu,8lTwE0RmdZ,0.9
CxW1v89Ape,zs7OlvPbxA,0.9
qNmA1DGVEN,JDMOPGJ0RA,0.7
THR7f9U9Ir,a6dhlHR3Jp,0.5
8fLTnUkhDO,UbvQbUa3Lq,0.7
Bpq9KQnFUd,4JBGekPXAy,0.8
fBxA1Fu4y3,CkEFKcYzNX,0.8
M3GO2fAS4F,ezPCkjcYrL,0.5
qOiJpJ0XKZ,QbU3PviW6e,0.7
4oLvTJTSiU,tVqvtZCyjM,0.8
rXwTuy45fZ,wyUmdIBNd0,0.5
qqjC4KS10s,RXXk39mIk8,0.6
HsQHZMHdXw,HxCSss1fjo,1.1
4c0z0hcMFN,srSBUyCrFy,0.7
J8vUuxLrFz,SAXyWgcxTc,0.7
prstkVJxEQ,yJIE0bGL2l,0.9
3zZJAA1m0w,hWe2c8H9Lj,0.6
CPRTCciZqI,c3F9MZ1AJb,0.6
AIXJpk5JOV,QOgcDF0f2o,0.6
3tCuP3QgCw,DgfPtnQmet,0.4
RWOcL3fWSC,ZgSmdlz6SH,0.5
RePaoFBq0V,dmibO64Svr,0.6
BWoXjgjRQj,S0hAdYPBGh,0.8
knXvcvoTo2,hBlb7FpbdD,0.9
9QS6MWTS1F,b4dTKvdzdG,0.7
KTdNg8eVvG,LtwRfMVTLM,1.0
R2qjhCwHXk,9p49klEaQ8,0.6
AFfMRPNLdh,80t8OQXrte,0.8
d0U8biFdXe,gzfNPokScM,0.7
dzGXawFycM,kpNaj0fOIM,0.6
HXWfeGJx8O,2YyilLJzqe,0.5
7oyia84EwP,gm0U5Dw7bH,0.5
KeV0kvqAoB,G2iwTfFHGV,0.9
5Qe19yqsTp,qUUgyuoLTT,0.5
KFofpPIPSX,DLt37aHRER,0.7
gOiOvzRlXd,ptVCeaIDyb,1.0
uN7MAOXU7V,IcRJUQ6fYK,0.9
6DthibZQnT,9MUivxOsbQ,0.9
s0elhSCXF1,6KwfcdkARb,1.0
HgSpVB4oHh,HZGoGYbSQP,0.6
5oGicZnVqW,6L38VzvqrW,0.5
cDtlHvGleZ,O6tkiI1mNc,0.8
4cptGABTdq,WXM9kG2Q3J,0.7
CuiF2PIfsN,QN7NOk7QKd,0.7
QlaczJ8sCI,AUbZ6ai2eH,0.8
4ZDzGqUzvT,Z5cNI6i49p,0.6
5sY8SkZ33I,AtEew2kZIU,0.8
TnwBGF9gdd,cT6O7U0eJk,0.8
unDgJqZr5S,ZuVOaw0G4y,0.7
OMB0lOHGnT,VJI7JnhVP4,0.4
dQl4OIvlsT,Vxr2TuYoul,0.8
0rZ71adFGM,ggnk4oQzY3,0.5
c0o6ArfUcu,GXynU5J8rS,0.7
zdgjDl72d1,O3UtdjFIFo,0.5
OCt4KrCARd,eQ2Aoedoci,0.5
02ir2GgcAi,1qD8H5anlq,0.4
bsTLMXH1BK,wEEr31R0QY,0.9
YexOCgU0Fg,HcoLjbxU8O,0.9
LLcvgoh28H,653JaKuDnB,0.7
IedApwHIwb,2QCcIcE166,0.5
eNVKwLNJgk,QOhNcFwZB2,0.7
jQC5au1xTa,YtQGTqdUQw,0.8
tYOYb8eJ2w,0yrxXQbagT,0.8
uZGz3VymYZ,enbce1APHR,0.7
VKhXHBvAIL,cO0hfYZywt,0.7
wzCHcetsgk,78UlxyhF1Y,0.5
8AqE79xvKD,3Qy1knt8ck,0.8
ecNiKE4Lqw,L2GXiJYFsa,0.8
2itdEEUVU6,JK5ZgskV7d,0.7
IOAkE1PGDf,un2pkoaCpy,0.6
yRvkDS9mG3,i58s2zFWlo,0.2
04rYSvL9cI,GveADVHAKs,0.7
Ot3gRo4JBz,xqo1tIpcNZ,0.9
bmTfPyhY93,6pF7DN9nsq,0.8
MpnFlhxxO2,WJfK7LOyxu,0.7
A2t7dLH1Ow,5IyXovfHiH,1.0
lprZCwhXZx,Nc6EzKi0qu,0.5
XQqWbqlEY1,rYQGx6wscb,0.6
7iO1OYED35,J2G7vV4lrA,0.7
SQPc36OY8F,zHEGyVZpzW,0.9
nqXGLZICS9,Atv8pMp3Rs,0.5
xEGVArPPv4,ZikWgTlRbK,0.5
9jQJmTV1w8,HwmbMiwhSx,0.6
7UYbe1Eh9a,Z7fIIruIGk,0.5
ATBnownmDB,A5GoN9AOpl,0.5
BWmSdhppwM,Yjc0k4cx85,0.7
BJHgdzgcvz,gfV4IvWIWK,0.8
bqE4Ov311l,WnnaiA70pl,0.8
oFKUN6Xdyb,gwOvehtjyO,0.7
HKVsclX7Ea,WX6ZMi7lv4,0.7
FZUMw2IKpW,1ym9bHvNI7,0.8
5mu5ZhtbYq,O0TxHJI2Wf,0.6
BHAvz3ij0E,dAdPT0IYeI,0.7
N4CUNcLiTN,z7OsSmWPlE,0.7
kddbDNbB0q,ak7QiMBQUd,0.7
GWiGNP1OdS,oshopeisdv,0.8
52g442JPWX,Vr9KCYjbSe,0.9
Bxf25Z4ZDC,Q43AilJEOG,0.6
Hv69WcWcTd,ljqN6psOLO,0.8
GEhatWn3SE,GC3B2mYGQD,0.6
VH4Og1D20k,je1BRNWjUP,0.9
ujzMdXpxpS,CMusO4SehG,0.6
rLoWP1e6Cb,MtivcFF8sZ,0.6
LXV5PdKDdX,nEe6MT2XiR,0.9
znXe2XsKCV,8kkhkC86jH,0.6
50S0H9qrtO,15ReqeFga7,0.6
4X8ElQfyNC,7ZsN9dODR9,0.9
kzEUS5nz0G,PmW8ftkKO4,0.7
yxxfsw39cV,vzq6wlUo0O,1.1
lq9do91gt0,v370RTlbEa,0.8
qk1PBpY59v,jKJzT08Wwc,0.6
BfooD1HS1Y,xTjSNB15Si,0.9
hJlq8aqi2e,dRdIY4DGr3,0.4
mvZXS4ei78,AWZvlWAjX2,0.9
ZI8BPKzTVZ,XmOBgDpGTT,0.4
ECAxxnEgYL,U78DOKZ1Sf,0.7
nDB0gMDMlX,NrdExlcadH,0.9
jz9FgTa963,VfvjNRwSqi,0.5
lYX64of9Dj,PmmuVFYXfF,0.9
UZu84uSPtS,mjn79WCsWQ,0.7
ur3A9us3o0,mEpxJgIFFw,0.5
po63k4D2jo,GOLg1qaMa3,0.8
iESiDmpBJv,WAeVSgz5jE,0.5
bZ4Ffdf9Wm,oIbNyrLx8S,0.9
lQbUEBcVMe,rBPAynTSpi,0.6
DWkj7cxxTT,YbtJKLo0d3,0.5
9KlRWcVEXS,I4kAj0mJOW,0.9
7SYnkpzge9,u5grDE8tHM,0.6
UP8XmLBKlV,6KoyY3T20O,0.8
SawkrTOqXr,87YasKLNiM,0.6
aftPt4t7bS,0Pau0Dw55G,0.6
Y3vSOZsz0n,JwtJc7if3J,1.0
ftNicorVcm,cRJmBmBGOt,0.7
qJQ2zydizy,aPpGlX76kC,0.7
VmUvMAyhl6,5w0fnyo0dj,0.7
pbSrr9r2yZ,fYqQ4mwRQu,0.7
bBUp1ibm9I,WLFDbwPqHv,0.8
OoU5SSHeBc,3zdbgo3wo0,0.7
FdCRpmYKDy,sENLf5ltIH,0.5
esWe5EEaaS,vHXHvae4u1,0.8
U3ED3LcEeC,CRQaFIb8ln,0.6
QgybZB43EN,lMFIE2oOr7,0.8
2NVEN3gs7m,vT2pYWnOMZ,0.6
ktbNHPQ2tA,wo8QpPhWfo,0.4
yThgxmg1hT,9zaDpzQhFp,1.0
zBSzD2Rdih,eZyHVSaZlS,0.7
AIwW0YRphm,oWm3IJwEE0,0.8
3cCzw10wG3,p2xr9uH7gY,0.8
1horQhIfTs,b95aIuio6R,0.9
vvB3W0dE8G,e0xbGoeNY0,0.3
jjm0tzR80Q,c7toUzcuFI,0.8
Z7Eq0ZdC3g,oqKhzYnQqn,0.5
ZkRsh0UPQg,MjPO4GKZMk,0.5
wsfyP9MG2W,kKGYXwHYGk,0.9
kusQ8nUW20,pWnK2wStws,0.7
DWEoyXcGNt,k6hvjekW0a,0.6
Ap2uEC5NCS,jrNMogHu1k,0.8
UQJ7KbT0mN,LpOAO8es77,0.6
0VbQnfARzu,AOWn6G4mLS,0.6
g2f15LGhI4,iGO2dJ0aMO,0.9
2UZm7Eaywk,bxNxEPhClI,0.8
qPweeLOHlW,F7fAHA1PJR,0.8
heZv0T8QSU,PBv231fg7X,0.7
e3k5vvDEEE,9t2X1RGv0z,0.7
OkIiby29o0,M0JgblHYVE,0.6
REzqjxsXZg,NPTG0lrsXL,0.5
5pPQM7779j,fmCu7lxuw5,0.6
B0oyJx5zNT,kTtwy3g0gk,0.6
kMellpl3aE,F6bUnqvdnO,0.7
PKDLrjale5,PhVAcmt6ks,0.8
cb41xLI7zg,JmgDgx2I8r,0.7
o24WDNmrCU,0o0C3uwLFQ,0.9
PK0RLmpHv8,jBU4Mc1jWX,1.0
51vthF20BK,PcKGXwZfTm,0.8
JsHJDUM0na,ABYa2CRy0H,1.0
Yqe655zTfM,4Slrcp0HvB,0.6
qKbWJ2DZ1w,xze1kI4cje,0.8
ejOICMe8Rg,XKP3NvwxPz,0.6
OEcZkMlBP2,MtnnEDhic9,0.8
stVlJYC8VK,2LJGmRUeHI,0.7
NYDdtJeo1g,E4seqR6ILa,1.1
hQtQXi16FX,Vw1W8n0LgY,0.7
AGmYtIblQd,Ehz7iybs3l,0.6
ocs8TvUK45,GZyqcwp88F,0.6
Hfrx4RlynU,8UuYKpjPVD,0.5
1jXW6VNMqY,fHg8ggZfCI,1.0
56TMRxE1dM,g9hKfeCz0E,0.6
CTbJ4pzFpA,chSDKDZDfI,0.8
cdjh2wVVH2,7mn9LtSeIB,0.8
S76yIMKsvZ,BkYvvNip53,0.5
rgaIt00FQQ,yjyQKmJbu4,0.8
sPHXW69vtv,nVZE9E6tD7,0.8
OxrTuTGavO,1DNsKeAzkS,0.4
cyT2093jJQ,OhUbMeQ9kW,0.3
kqoKoyisYP,5jINvNK047,0.8
UufPRJspUI,hCvuzzOWSS,0.4
WstR6djTcA,T5pPwgDZYY,0.6
aYRdtjhyrm,ubZIb2g7eU,0.6
bQmpVmMiIF,yuwwQgeWSH,0.6
50dQV4mt2D,7tPh1BQZ3r,0.7
gQePRePqR6,4bRK4BRbdZ,0.8
37fYRotQu3,iG2aRs0BRn,0.7
Eq19TtTq8O,3F5Qa6oCPw,0.5
6Wfu0pP5gn,IToTE2MuNy,0.5
yRsTFqiEsp,yN6owJhT0u,0.6
SDg43BpLKH,ATy9XhBuOR,0.4
KxjzOA1BDG,rucYKbULaK,0.7
bPBMiewnft,Y8Nsy6nCc0,0.8
Nhvl9ZyivZ,gC5c0hfT1V,0.6
h2NZms6JMW,vo8HBWqAUf,0.5
YJvFzelG7i,SU3JWLsBVF,0.7
mbZLRXXXDU,O4jcG7EcjT,0.9
grgqUa8kGC,PV7zjdu04d,0.5
EzCDzWPaxl,RkLpJLw1W0,0.8
ugW3N4nrwO,R296d1rnnY,0.8
SrAHAWQJ9H,LvEd8zB8XC,0.7
3lYwjyVyzb,pimqxcWxY9,0.7
7iTwRbEgeB,QED1cjWXMQ,0.6
aQtoN21eCo,PvjSa8KgBf,0.5
XCPdB8We8x,oD7R7td8Bk,0.4
Jr6dlATWVO,tOUq7D9AgZ,0.5
6SSL6Hl4a0,3zeaFyCWin,1.0
DfNJZaPcq9,7wGnfEvOD3,0.7
cJ78HWKSBy,Pk89Qd73MH,0.8
h6MmGrm8JC,80RhUKHiTi,0.6
nlrngZxfz1,d7nh289bk7,0.9
4gF3sSzd9m,A9uuNLFYYf,0.8
pTfjmazHOE,TUBoMEuRjc,0.7
GogtcG6XVW,RXy7BB4cah,0.7
jJ48zqJiXU,G8bq6pi8tu,0.5
cHahguXPZ9,yiFSxNScy4,0.8
eLQws8YO5A,B1TmGo8YKF,0.8
60zK2ZcHDq,ZlgAygMLL3,0.8
cHAedSLlbQ,MDrpFAACkA,0.8
KOn5kvQrn3,8hndCJiXjH,0.7
PJpqjiQZlG,P1wzQ85ocZ,0.9
SFwIQW0NvA,r4ks24WjVh,0.7
mUYpXgNVnJ,VAILHERwSI,0.6
NGf1RNtjC4,3wlulHUNZF,0.9
PDLUsB1gk5,xW2AqjXgzu,0.5
4mWL8Ppkr9,ASOuZ31y4A,0.9
0lGBIHh18T,V7C5yBrgCg,0.7
FHvdO4DtJl,gLWjymnsjz,0.9
Ro7iUxBUFK,FSkNr7kjCK,0.4
OjiNdPS9a5,iydVy6tILX,0.6
7bNmGuTxUU,K0Y31jK6Dv,0.6
gELYXqDpV0,LOKJhZ1Hac,0.7
GATmI8FEn1,QLS3CLg4hN,0.8
1UGBYr4A66,aN9IMRjPau,0.6
dtDlaSmgId,ye9t9SP2PC,0.4
xDugs36DLc,RyYts1Dv9o,0.7
hgiRBtTwzi,bOD3bwTU4O,0.9
rO5fyp47bm,9c3wjiLqQ2,1.0
L1tlqWdw87,JwbwSg9SSd,0.9
NNUwLBq12E,0zgAqXPLFN,0.8
XPjy7LQfqK,JJdN6Vc6D1,0.6
Ksm6oknF5s,8InqET9WuD,0.9
4mvhUqXn38,NvWHdRvH7O,1.0
vb8EatXoGv,87AaECmJVt,0.8
2hHA2agrRD,ZWfFV6Ti3I,0.7
A7tmGCnBry,cJrthICpL1,0.6
EGZFlWKJNj,aTyE1PdCKW,0.6
1seME8w52o,V6xgE22ZLt,0.5
BhdCZTKbu6,YdPYJkQJrC,0.7
299UwTfA35,pDSHEcoaTf,0.9
YpQXgGkIjZ,nsRYs0rAYo,0.8
pBhUxawXBh,udxvmVp5yz,0.8
VpOScNsNW1,GsMS1iTGcX,0.7
Y6iSuDiRBA,TZfOe9oxlJ,0.6
XZOZpUB9Ax,rojyBWXO2a,0.8
LGJg1E53L7,tHiKGXDHuc,0.8
xEdvygqqBT,fLTvU06DDm,0.4
0yjYArkG6K,PkHxgDfvVZ,0.9
HFC2qGV8MS,nEe6MT2XiR,0.9
k7hWfS0RoQ,LRjrbVF7vo,0.8
DQRa38pSuz,O2rao5yVoA,0.6
4iYl0KCkbw,qFIfkrlXRL,0.6
426hgS06P3,nf2dGrB8SS,0.9
eKinREjYKk,VrAgFuidJM,0.4
Aux0rSaxVq,FQoSMErIai,0.6
Q9q7ihulIN,eyjQ6j9zkE,0.6
5cQkZxDGMN,OSNHFrX6Ud,0.8
jLBcG6aiMT,tR1f5e9Yhe,0.6
KDynV83SsL,EDOXrn3eog,0.1
z2Gw8IC9UD,SgcwsrWLT0,0.8
VyyvD9nqQQ,m5CB4wWmFB,0.7
0LC6vAOOwO,ZMIzXMP8aa,0.7
SWMNgeRnmV,6E61VnDjzT,0.8
Zda2SNsMKw,GOGPpHyd1J,0.7
dE2C7ECpia,vXcIE6AjvD,0.5
ubqNG3Gtdd,QkcOtMkGoB,1.0
02uYtxbgNV,degvODuzli,0.5
WYwQnyffAN,bgRe7DL73X,0.4
kYh31LVRyx,KRruB7plns,0.6
aO7R2kh4Xg,zH8uV9Cz4Z,0.7
ziTLYpUcWz,v0NbBUQ5W2,0.9
PAGj8M25uR,E5z7By0HVc,0.6
tnwcJ8YD40,YJvQQUn83p,0.6
iAXEI8WD7S,85u9fjfDQg,0.5
ocOIUONnQ8,DSgcFXnTag,0.5
1VRZk2CZm1,BOqGjF52Xm,0.7
gSbWXCWyti,ktKo2yYS1S,0.5
OE1EkCLPax,t1mRPVh81p,0.7
rbZDhQwch4,JaGHgL9n8x,1.0
yGWUmkjO6Y,TU17pegXky,0.7
34XaMg0qMm,SXSY5XZsOZ,0.8
me0B91kEgM,Qm7NU9C9hV,0.8
ciuYcHqHkT,x0pTxugyrA,0.9
H9oi84htWf,2PHlw8Cwu0,0.8
MzhixjPbJO,nZ4GL9wqNC,0.7
ca12w1VqRr,nRa7cdhKuF,0.5
SdkYnVR4ow,2PxzHwtc59,0.6
kHeLsnRdz5,TRsQbnetHF,0.9
rysgyxW3Oy,fQmRnh4i7y,0.6
3kYRpkQJhk,bKJumVzuXo,0.8
kY4wHSHN8I,1fEQDft5ww,0.7
GUpQ579n8M,sV1oLRu9zP,0.7
g6MUbMwBYp,iDthkI5kHc,0.9
zcaF4DlDg7,7vBnGTDya9,0.7
8jqhHynFYv,f2RIEMUn9M,0.7
x0vi1ossew,aUPkt61m3t,0.4
b1FiPannQp,3I4JKgnKmf,0.8
FlOUL2vK2K,K3GnTj5Hfr,0.8
DiRruU7IIu,hk5zKIhcO0,0.6
OLk9JagykM,tuAw5x0fAe,1.1
EMfwyZ6Q7F,pUmjjGIi7a,0.6
w9LB8gjoMV,0gI1HBSnVs,0.8
4LSSiBhOJy,n8vbDIarEB,0.6
QzDBiDkYsn,BNbeHba7Lm,0.5
DxMeWK8Yx6,7IbOCjtn47,0.8
YXyJPuaFPa,bLKDMgi8oj,0.9
XjEJAhNhVx,qYP7s93CAc,0.6
BwOT8fwyte,x3qPrLcw43,0.7
UYqGuGyyDY,qb1boF1Rur,0.8
tB74wmIEaU,lkMPcW9MLk,0.5
6mx9b6wUcV,B5fwSeBlGz,0.8
evKZkvlLwi,O3tIyL5aZm,0.7
SZpFnWXxcr,QXwI8Ec8co,0.6
pAnBbPv0Ar,SOZIjQCT9A,0.7
mehaL3PLwJ,xBcHMmAoKL,0.6
KOGvJxzlEa,3CcxEGHMDf,0.8
zm1zMCvHij,h9qQjHB63A,0.7
IHly23uR84,44FSlk18Ps,0.5
UVU706Jg0i,AXj0vdPnJB,0.8
Jg6W2HSwTw,votejSgKrd,0.7
9Rbfc4MHp7,Z07DrCsqBn,1.0
Pj3WTpql1Q,RHZGnBIRQL,0.7
PXs6Fx7l4J,TS57nCteQ3,0.7
Qtf7UhijNh,hEYfz5jYox,0.8
cXMQHxeB4b,VTHkRpoB9Q,0.6
3Krd5SBadt,lKUxjhw6cq,0.7
EXWkxxJwKV,43y6ePj6d8,0.8
lHhjpLjsoG,9VxrOq6UMK,0.7
AlHy963UVf,TCo3xZWwaL,0.1
pBoRsVFhRv,CUnAD0gjim,0.8
Xa8tAKLhpx,x3ResN3AjK,0.9
zlhTP2109r,zhK9Q7iTYb,0.7
jtxPDz0SFQ,Z8kv4GaOFJ,0.6
qmIo2AgCz0,JqBnKwWC3d,0.8
N2hlvkBCjh,CDfBeO4V9X,0.7
uu1Qav286Y,AjFcozR6s3,0.6
Zj3mgzC3aj,lme026egMl,0.3
lEQwqssHIB,MAtolxZBT6,0.5
DY0ARo3IOZ,MEwtKomTP6,0.8
TnxNkVcTTl,fKtfneMUxm,0.8
2mLYhf8UN0,1HDXIClA0X,0.5
Upoe7L6Ee7,3FsOIqDbeL,0.3
Vl4xJMUvdP,dvJKMZJ3FG,0.6
dU4LIB0C4T,ry4zaCAWtk,0.8
NsnpEPpsoY,9IAetQ079D,0.7
RdJXPJv9VV,ETRK4nsE6B,0.7
q3Kc1wMahO,3HuvjYdG22,0.6
jH1MbioxwE,KkM2sN28an,0.7
x8YGlCIqvB,RqMn9XO2c8,0.7
cEu2er5Ot8,vqdFejfCnq,0.5
TaKEoMCWzU,LYqOBzAl2P,0.5
NsTJKANaGa,vhuGhcmqzU,0.3
BbmSwNCRxi,oESKrzfx1j,0.6
eliBAznkLv,DAexaegwBk,0.6
HR25wUoOQd,agd9tTPG7n,0.6
6NOG9wnHVq,6fbiVLzNDK,0.5
eY1rE1RKOS,j5EKCYSGFV,0.4
qKv2GgeY4o,mfWNs5V50s,0.8
FMqt6qUHqk,RXGF3XPfSg,0.8
2PJKEUrEu2,7RuSPO9KEm,0.8
aJZDW0pNsl,AuN2LmtX0L,0.7
rM2YFUZOpk,YKCrQGMdem,0.9
ypiJWvXzNp,fgqKUFcS5e,0.7
hyeahSgUSD,0YO8pAsb9J,0.5
Spn1Rczlmo,TqIsUtNNMY,0.6
akeYcJH2yx,wEqedXg9r0,0.5
7uCCjZTRvr,9R1LcIko46,0.7
i5a4k9N4Xu,sri72UtQfI,0.9
W9PEp1lSkA,bU7tcaEizQ,0.6
HMJoMkjPid,3WiN1TBypR,0.6
S2wARv8GWD,GfNIgzlyCw,0.8
3MVqY5VVMY,xRnStqHIVA,0.9
9Kam7twERB,4qWeIHyip6,0.8
WPFw0WRJeK,GM1QSQSfGW,0.5
e9yFkCVhz2,Cy3YYX8XR8,0.7
QBG2PuEZ0f,Vr9z42MHLl,0.9
gkQUeg1Eg0,VinhFv8x6O,0.8
yCFriF18Ah,xGijqEcotA,0.6
7sSPglW1mn,KlG6jwrviw,0.6
N3coUlihsz,VZTPqOoHOT,0.9
4ra0CNc6jp,GOnsieBQpj,0.7
GZ0G5flqFK,i56TC2Px8S,0.6
VeifRWcKfX,ltv5kJNQrB,0.6
vRSvPwG3x6,ZONT4QRDJp,0.5
ETGuh6ZDPc,9INGDOJFIZ,0.5
sJ2xuRKEfS,JwKVXvBLLt,0.7
NOQqi5omoo,7DlbiJUMhC,0.7
RwQRL92mBp,Xd3AnB0aQc,0.5
BU209lllSM,PxKu1eiQLn,0.8
fEu4zIRVbn,f2TfJwTZGE,0.7
eguddWWmLs,WDqfptb4XR,0.6
X5xSzUBKIr,4fOUVOrgJk,0.6
gU72acT3Vz,yoyhIMzrks,0.8
TUwOfKwLqV,VvYkKYAx0z,0.5
mHwTYQqlw6,iXZO6BTEi9,0.7
mWQzAo3hb7,yzKFX5zDtW,0.8
4pqGVqu7bd,hkDlKweLMj,0.5
uAemSHQBp4,LsRw0yBcHH,0.6
6fqRYAoTb8,1DiAIzV0S9,0.5
fTC7le5GRD,QL3RFNRRQw,0.8
EvAHLxjb6G,0FdHWTmn4m,0.6
7squmQtPJp,EOYRg5qBEV,0.7
8bWGXuO4Jw,8wY9efbyqb,0.8
EB6LtSVXuJ,2JC6xFqXQC,1.1
z3Q4ykRWxJ,tSykqLi5JF,0.7
6PesOPlRxR,ylejvoQPzt,0.6
ItdxA7Su47,f6D76V4K7u,0.9
V9qYxgK958,ufj2s2Os7B,0.7
3FKHF52PRg,ir2T3GbxEr,0.6
b1VB4C6QA8,PufIfvqMEO,0.7
T7THHRqo35,R7TCL0XPNe,0.4
Co6AtS66bE,8ym25cLivg,0.7
rf11DYNeZr,Rq0Y4jbH0m,1.0
Gddz8BGSxb,rQyVs1nwZm,0.9
rjXKUxv6uE,3akXzwvg3m,0.3
YjdBErsiz7,sxKcPgHesE,0.7
CXqV8UMipk,lVeBZR9lGs,1.0
JdpIQg2VyV,qNS5369EUe,0.6
tV5pLyOw33,ouQ7w9RbVq,0.8
9trDFrlb0v,qO2Mq0cMHe,0.8
yedQbQF0TD,pw2xV0gVkt,0.7
YOndaySUUh,LfoeHcugas,0.6
3SSfdu1jzA,SnunDKGL8X,0.8
FMmBW3R7mi,mnjMLnwmBC,0.7
CdZZLmYqPA,LtEGIbODS6,0.5
ZswUfQS4ed,Z8l8hq2AgV,0.6
kRiVLPVnCo,0nOSGsOdJ2,0.9
36PG3GTgZ7,lNKfqbiRse,0.6
S3RTxSS8Wh,fEW3ooNlga,0.6
a0UO5Vw4LS,OifiyhdKq0,0.7
7gYXMU9OIg,DCmISK9h3C,0.8
aafOMkdxZR,mEJP0h8FQe,0.7
fmzYFrNbIT,a4eKT8AAbH,0.7
ZWkXVnHE0K,2y3C5IGmU0,0.9
jxdDanBLR1,u1IG5NgDhH,0.7
KwdSoORly0,4AqSFEER3w,0.8
tUv2phoD7U,dI1s2iIrQM,0.7
fIDtkRlYVn,XaKVecv1Pd,0.7
96PDOEHZ2t,dlkbcChWHP,0.9
j8YAkmxEaH,EcL2vOTxr9,0.6
vPKnE6ursQ,juj0cIqCrO,0.5
6uY1k6veJA,8sdsKtgaBm,0.6
ajRu9tZNwl,038Z7agxET,0.8
xfdsKCSRZe,MpluPb1ii2,0.5
afEOXhGeMR,UvXzFyNpNt,1.2
SzOMGYgzwA,A2zTRHYxcN,0.7
YPWvnP7tcU,slquGjC9gk,0.6
spfDE8ADIr,mwelY1xZGD,1.0
KQ0ys0oFym,AReNUC91WM,0.7
hTVuChccJS,XK9cO04Q0Z,0.8
ve4V6WAfYp,JsyJVAFjB1,0.8
0FxstVps56,rYJklc9CHJ,0.8
x7KJQC7QVD,3EJLLLINH4,0.8
ZZmNMlY7gi,W5JLLr1Vbq,0.9
8jnxNAvfLa,XhuUuUVQg3,0.8
TyjSWM9EaQ,6rfN92VaAy,1.1
CjGTUB6duy,9R8ayGrD7s,0.5
6ECHZCmp2f,SfI0uB2P7r,0.5
oBCVmKIMHV,aQcA4mo6Y2,0.8
IBpU1407t0,IyEFARs3LS,0.8
DI2LzizPrx,4bzzVXVifd,1.1
GTgFOnTH7F,UF0blhvb2l,0.9
XCqSgq2Jy2,NxBruvN9wA,0.9
xH31HAixp8,zk5jxPSyhg,0.8
wKd9gdbKwB,bCYirIpywY,1.0
mQ6U2e2Pxk,mEs6q6oTjl,0.5
JyjiehOww5,KRga7UteY3,0.5
OCCCrEnOJS,PT10PEGVMi,0.4
iuoll5D1TY,g0569g1uRz,0.7
8DaQ5MS40o,91LthdbL7c,0.7
Ei8UWDgJXG,34UjJMdRBK,0.8
N4vWelrzpG,tQpRYDiZIL,0.7
n0hNG20xXJ,htHsbZfMXP,0.5
54hWxRTjrI,O2nXr6zpJg,0.3
dHBHA32gZm,8P8kaHrq9F,0.6
xZOMaNvwyM,wl6NQvjLd6,1.0
UVeNQ222GP,jIpvjIubHi,0.8
UnRQn5PhWl,5YjrRVuLqu,0.7
Yx5VuZIOEs,mrATm2kQyG,0.6
UTzygNUWlj,wFnTiBb8oC,0.5
7R06enrmKq,J8ktciLDg5,0.7
1fesEGRpZ9,9C7KhRb6Rw,0.5
vFJYHCtwlB,LQbLU8ei3z,0.6
ROTJc4fHik,t4IyNqsFos,0.6
CsTZSlnYgo,R6aRCp2GIw,0.6
Hhc5ZH7pDl,97EJNoyMjy,0.8
HFoLauS8ho,3mMSvPNhOe,0.8
iHdS9X0BvZ,sZPx8cD645,0.7
5Z023u608S,XcWMPzFpC4,0.3
55fhHQWJgV,kZW6krwUeG,0.5
DYEvWxHioF,gRzMpnWyZf,0.7
a8Ll55VkXI,LbmaBLjNp4,0.6
tufVXzr2Oc,NGshHGSZ7N,0.7
kt9MHQwVso,zGDVTBHQfS,0.5
hw4dL1mZAt,A6YikO9QpM,0.8
QCyOCsa1Kk,wdOexXFAt0,0.7
pLKZ1y1Ymg,wuR0ni8Q1c,0.5
IKLg3pZNJW,1hHlt9q3X9,0.8
8DcxlcAUuw,fR54p13drF,0.8
sHtoX5kd0w,OPu7KywEFr,0.9
FWmLnmjIfd,Irmm4VaBy5,0.3
yE4orNQBV0,7X6MQqgvqw,0.3
IRHXExbAB9,rzHGFBS5gE,0.5
4eeO3kRDq0,IcGFqYw6aV,0.7
9BhHALPxCg,1az5GiGNl6,0.8
R28zyEm4ks,QzXC3ZG8qu,0.3
omsJvVlUxa,XfFLHk94K8,0.6
L9RUoCOBzD,SHP4Er6Bo2,0.5
vhtzvHl3TB,2C2caPJbDI,0.9
8kdpHFuDuF,b3GtVzcx8V,0.7
4fvQJrJB42,5jjQHAQ3fe,0.9
RJB7eGnrHf,WnS9TU6SWO,0.6
2UHB1MZBFl,bBKQX3Xh62,0.7
adQPjEnntg,G9mg3oqyBx,0.6
cBUss8CPP3,HshyMrYpcx,0.5
SQeCj4esXU,enbTv58jn8,1.1
eHazadFCgn,yl9kNsMTGo,0.8
aYvYaXdtLx,wFi2FUAfu3,0.8
MVV0WTShOS,NAv5jXQKg7,0.6
3b9A6ei0sw,ezM4N1vU1j,0.5
dJWrK25VLa,cMR00hc3vz,0.7
6CMnduhjK8,fuNFLe2SeJ,0.7
M53JW6fyte,iLX5LYtq6X,0.4
LDzOS4T1R4,DVKWWiMrTh,0.7
j2Gg2rXtdI,WsxRGgJOw5,0.8
BMk2woavxx,ygDgjGSNLe,0.7
bFuEW2rIMc,4PNAuPfgC9,0.6
ERZJ1Z09jE,8Dp2zPrdAx,0.7
2xhmKHfq6d,BvzRQEUQ6j,0.7
nCYX3G9fqo,mpM1WUKkQD,0.7
oQ7bB0bQlG,j3uw1xc1Ng,0.6
bCpnP5YZpm,I8Ndms4txv,0.9
cJ5GOBsgc8,yvpUWaa7hS,0.8
4Jf7kWypaB,rc0oA1cyEU,0.7
fkVkqCv0eL,pj7nu3UszJ,0.6
PU9wzEbyg8,AJ68of9CPx,0.6
cnuYa34QFm,wnw70Sut5r,0.7
qvLIG7NoL3,NC1VH6gLBq,0.5
VXNWRMo0X3,UwAl0M3hwh,0.6
46yevqJp5X,4gIwgBP3mD,0.8
ptGQknUKUl,OvkmUCokaH,0.7
Fu3nFFCG3b,roE3CduCAm,0.6
9URwemW901,P0SoKF63qX,0.7
P1fVrKcH4o,nYzkqKN2Qm,0.6
CJfHRaLXOj,ZLbY4bO1Jh,0.6
FvlqlRfaWL,Z1eeNin7Zu,0.7
TK4CT5qdsZ,Y2SY6mUZfB,0.6
xg4vxpx1KG,YdnO6h2wMt,0.8
BcS7EMAz1G,gt3lRFEUJ1,0.3
AYWx8p6EpB,MB9HWRDHJo,0.6
AVy6tbKSxG,6VnA22di4L,0.9
QSre4XbVXT,mL9QuAukJb,0.7
mJl7XmnhlH,DmRHU6f2bg,0.5
MjqVTVEc0A,Sl96ZNxkpS,0.4
Xf1NNCkeCh,v3sYvy5TMG,0.8
u0CXhJLghA,ZKjcwtIPFL,0.3
06HdneA5xW,NsV5XvFJzv,0.7
X8cCO6oOev,uspurwZHQ1,0.6
pbxPZdMlmv,GIE4mYv2o6,0.6
koY8LQYBId,fVWgqxmdoP,0.9
3qbpLvxRvo,iAmnssjb8e,0.5
9pnca2G8Kp,3tvbEnyNPW,0.7
bBOtMQK4qS,E1UkssLRaH,0.7
O6eDtpzEnv,Wj5yLPGRmy,0.7
zVUv8JGivS,CKBHparEtx,0.9
nb4UFOCHmI,eBBsvCveMy,0.8
5DkT7TVdO5,l08EXIMPLa,0.9
l8MPQz85OY,uWHPMw7sN1,0.8
bJp8aQU3S0,gO2GxGbGCa,0.4
HQhkepWzm0,booSPiFwFo,0.6
9ZlDaWXD8Y,KG2KuVkk8N,0.8
lp3joieEOQ,VfsfDWp5uH,0.8
ukaBdbhBaG,l9xSHdGYqF,0.9
7SmNxCX1KA,bhnenosLUN,0.8
IuCaonYtMB,DoFt7ePl66,0.6
xRWfDilEaO,fryPxLI68u,0.6
4BlBBUXRnd,m2ihjHy3XD,0.7
biqvxaHPMu,s9NlJvWmqP,0.8
RAIccUKxW5,MIHt0vb95g,0.7
rM5KZLzd3w,yTmRml2Ynl,0.8
rhgwMWV3zp,hlQygn6tMe,0.9
Clqe241vD5,N7CGAKNk2y,0.8
NAAKJvVpS3,An5Fh0Q0nK,0.7
1mo1e4QloF,IvdpQPgkkQ,0.7
wt3hV4vOqI,eGumSz7roA,0.6
gSgtyOWHl4,VInYz2uxKx,0.8
P9Uo2i1KIy,vtDHYBPehr,0.9
ekVwcA3dol,kihJNcqTsa,0.8
nuDEakysay,QHIXGuL9rf,0.7
KBbWmDv4YA,4MycCa3dup,0.6
k7KuIaYCL5,NqXTKO1vNd,0.8
gIOE5zSOCU,kJzeG8JeAd,0.3
XbqkfcN5O4,0pt1ZrfhFZ,0.8
O1y4K5GCyM,ioFeHNoLqx,0.7
BJ3skRm2UI,l2kjsKUIk0,0.5
sjQqIYlAhq,evil9ICGPT,0.7
4FRQREzV9t,oKERq8vucZ,0.5
UpKQ6uecox,NR9h3oPW6C,0.8
9G4qQygKpd,AP0frfsSxT,0.6
E0cTiEhBJl,TKnqBTtQLx,0.6
NFQRsmhK1s,X8Cw0rwUz0,0.7
rbwCF0QVW6,4AkTMWjMDD,0.6
TWz8vJbU1m,CbJlh0oZ9u,0.6
PAQDiAPxFO,BzPrrzYNYV,0.5
3PsLohyRTq,jIC9YWbuoo,0.7
es1IvpGqWS,WTd100889J,0.5
MyAmVR0LC1,w2S7gsWp6I,1.0
nvnFTCUy14,cMJ3WnLc7M,0.7
xQYI5NVB0g,tgPqtBSmTZ,0.6
d0subAOSqy,PN2Au1Zg6p,1.0
cBtzHshyPc,p1sCniM4Hy,0.7
3WZ96ruxXO,mCvH74rq0F,0.9
MGLClOGGFu,FIS30HCRYo,0.9
6Xk1AjClmq,1ehXJQmt78,0.5
I9cquaiSkw,Rpkzq9SSkb,0.8
sTcMrrDBxJ,ZdcS7YFI34,0.7
jOTTVnL3Ii,h2FGr4yv8d,0.6
baX4HnxwaY,2FvcTNzZIA,0.7
wGBV42ZqIf,i0dvzGPPRo,0.3
yX0tHXpe1H,fAb7PykFlm,0.6
cM175TAnYr,8gZhfd91yL,1.1
0bVIdseIfS,GB5IdEuY61,0.7
qMACJg9l9P,fZfJhYQ2Cm,0.8
F5sCfRxxam,w96noPJ0k0,0.8
Y8ekyWsVHy,5EH4wWNGdy,0.7
QqW1y8lI0R,kn2cY4yKEH,0.7
Xd1fsqBBMz,nEoPlXkmXB,0.7
NoHbDoqRn3,uSEq2B62AJ,0.6
iJrSsnOj8R,8xYsrhwIOw,0.7
L90moYbW8m,z5PGbgGulY,0.8
5TgjOQTLVZ,GGCbRaoIho,0.7
nVSa74O4co,PIILzyKFVa,0.8
YNsFaZ7IWh,RfMSDOju6a,0.6
aPYaFFsu06,4aIrjVJ3M4,0.6
LXtMIHew3V,MVA7K88q5o,0.6
oVIZRxYqBw,IG4oYgjezY,0.8
1X5FvDuPkK,cyCCVXWv42,0.6
nuimyzRilc,UsdUxfI1Tn,0.6
lKso5qo0sy,tGX5ig6Zfr,0.5
0DqlBbw6fW,KI53fmlq8C,0.7
aOI5ZBCrjM,3lyrD38EGY,0.8
QgybZB43EN,2mLkIySjUe,0.9
hm1AGZ1xHO,iuKLfqj0Kx,0.7
yNccD0wAyL,bU7dk2bWkA,0.5
vrzaMI1ZT9,lrM0nD79Js,0.9
QenElHcyVA,aYvAe0vS81,0.7
LoYZaoJgrN,JfwLeqwPUJ,0.7
m4jLWjPzet,HYdI37pcuH,0.8
Fua80xWWAw,wg37sMrFuJ,0.7
5FeLxKJf40,NSQs6eaIwX,0.9
nrM6bp9KCG,DvQcUtZD8v,0.7
tu8F8BNrvp,Q2dCH0Fzdn,0.5
agDv8a2IwG,kPfeXDgMkQ,0.5
raAdSwgd9Q,LbWcshDTtP,0.6
rGFCfD0IVd,NgRMd45FD3,0.8
oVmaU5eTCl,SAz9ZBk5RX,0.6
yOWcZSm3O0,4CG4D4xvjR,0.5
b7SkO7JK13,Pv4xyPbKdH,0.7
khqI8bwpnr,rRufcwUm9c,0.7
OEagTrdL9c,SsjksXzCpo,0.6
528jltNvsw,LvJiGrymXH,0.6
hRQnkTiUqN,c3SlYRQwl1,0.7
CVUjvnCcOg,f7jB1MYPO6,0.6
Bq124bDq61,FL8bw55tnT,0.9
FhFXZ2jvN0,LNUaiTlLCa,0.8
SMHGVEcmNE,XRCweVpcVN,0.7
xzMt0k6aHi,kw3s2BY0YT,0.6
m0FmgFwamt,0wLxESXoSo,1.1
kEC8aydb9l,WYWN84ZKnD,0.7
NeqKqiKFPI,XMeJsOauAX,0.6
AmrMoAgDeF,jvzfk5TTTc,0.6
NescXxqhsD,h7ZB83bK6f,0.6
tVOhdCAOMB,ljkDLwY51x,0.6
jLbxylIQBG,QfAduZ0h2e,0.8
MOMwjmULhv,hmD7Qb7u2E,0.9
ED90Jz90FQ,cqkYqNNiQA,0.7
vZaNmdcsBB,nBBXsEkBLp,0.7
jAQFdbwlC9,wnTcCWRRTL,0.7
a5gcqudA7g,VpD906OHBn,0.7
xMKqMPTtSn,csEOjGSLZl,0.8
S91Q9aH8og,CASVvKHnfl,0.7
IRbONI7tJO,KD1H3nc1tc,0.9
Qk64aZhSRx,JUMon8a9uX,0.7
wXnJxwmo1v,cQX61ws11P,0.7
LRg9rM9HwH,XEw0NtIqUx,0.5
anmycMuZ0F,z5hKAtqdNF,0.5
9aTHhoeEJ2,2XUWZbt6Zc,0.6
ddhvEqmywL,WIJwoT9QgH,0.7
toDPHh6Jx2,KO0U1XRtaR,0.5
WXYYVWo1xh,2zgYOtPlNB,0.8
qtKwndEoe9,GT3X9TVGhJ,0.5
tFuNP1kmqy,ETQd52R8au,0.6
0nIRjj71tR,YQKUtsa7Mr,0.7
5slwsigsJj,txMWzcEDyU,0.5
DoY7mAXKyd,EIbXBC03ZV,0.6
KvP3mT28Sy,gj05bvyf3F,0.4
R58YEBWhAC,eIDXeTkyhZ,0.7
wSTD06NENi,fjeJWcmZqz,0.8
vkpBZuLExN,yEduRvU8cA,0.6
CpxGl77W6I,kP4XvpMh3p,1.0
3bYpAGvjWO,gctXAKOF0H,0.9
vwGrRThD8D,Vew04KmmjO,0.7
SbYLUkmYjX,dd5YtY906t,0.8
s5UnViARPG,nPPLKRe7No,0.7
UKw4CSpCfX,prG25y2mOc,0.9
l82WcaRh36,OLpCx56YBB,0.6
ORlSvE2Qgp,4UwXiaSKYj,0.6
VmVGH0opI8,o17eKa6GGk,0.6
vsolTRD7P0,oq9QuHwof2,0.6
TkQUUg96fq,zG4cJekhMU,0.9
fWma2JgF2Q,TBRgl0pReV,0.9
XsWnaElRyt,G66elgMtZv,0.6
QnkaAr9sOm,aPMLK3BbWW,0.8
TFkXbCr2EN,oMoTYMRGQn,0.7
KpC3Pjwc9P,fv2ZwX9sMx,0.7
rGP9embGvL,F5SNKYgpKQ,0.6
Q6brPRQbsJ,f5E9inUvEn,0.7
h1bCIsedGY,jj7szqvy0w,0.5
SDhkZl6oOn,OMBpGvGzUR,0.7
0Y4g8mdthn,HmJtJcnEnk,0.8
7TBoSoraB7,GVjQXa8viA,0.6
muSqoXRvOc,ruf2I5D5xv,0.8
Zxpwhp94HN,HTDcH1vIIU,0.9
9DdWbhSGbe,ZZNBM1EnOc,0.4
LXv54qJCSw,MlbXXs2z3r,0.9
PrzHMaKaVJ,mEdy6WqY41,0.8
qr2IabC31U,c750zMAlA6,0.4
73UhHIfw19,PQtNspG9mw,0.8
Rr4vTJhojH,CxW1v89Ape,0.6
vmDTiq5goz,LsSvvnYOZl,0.7
iEFm6UoWLH,4HVu4xKhzY,0.5
3mj0H9LMOT,HBrvAT55h1,0.6
ZNysYI1KjC,lQ58D21C19,0.7
whxFoa6hwf,qJHuVtMYQV,0.7
T7aUFLVfQW,nqoSuU3U1u,0.6
0iirWEg1p5,KMKKAVf5EU,0.8
DXnh3oUS6t,wCylnpzr31,0.8
V1D1MxpSWe,ol0DgrxZrS,0.7
0gEvHkpiyk,skf3sHwB1T,0.7
zeBXwiQehs,Zh9simt3m0,0.7
QJU1bqlZYj,NBFbFspFRr,0.7
LeWOb27C8Q,DCd8Yuvxh3,0.7
dEDGLCPKrv,mOGnTJEgji,0.8
sw3R3z0gnn,T51NIcE4cr,0.5
JGTohd052B,OUGJAGmYg2,0.8
E2BkqlhCf3,cV9jPHdrvf,0.6
cYcbzBDaM8,cU89J0fSWm,0.9
xad3w0dBtX,sWXsENTeCf,0.9
2VXlxH5nm8,7wGnfEvOD3,0.5
JlwNXgHE9w,ioeVWGIxFc,0.8
nmkYYQZ3TS,P84K43IuvN,0.7
j6pMoGaI3i,tddyCm4pFc,0.7
MM63C1iZqw,5LmrY8pe0D,0.5
EfAxqDTleF,BUz5DdPWzF,0.6
tIu28lDBVa,4wcUU3S1yf,0.7
bWGuLVOD8u,c3hjtTZBWc,0.8
RSk5Bml6oM,zxOV30QDs6,0.6
8DO4kHtNTG,QyVh0aJ8Du,0.8
s7twiyPrq8,ruT20U8siR,0.5
G6LqxoW5wd,qzuIAKX9jb,0.6
uQfMzKJAKf,XPZn4cZRtt,0.7
KYcVIr7J2T,bmabpfqSmm,0.6
iQEDQIXoAI,d798OD2vPR,0.8
qhPCd37evI,HRJt0DLJmi,0.8
5ogIa7hJ2S,Vuc83QeL36,0.9
a4mXqg43f2,ShsS2bfi68,0.6
kqydUxnkxE,LukeZnCrWY,0.6
1ItWyzZmAN,81O8RFG7fa,0.9
ClMTYpy2jK,JgA538ihhU,0.4
rEXjcVSGMX,mtuqroCtL3,0.9
VivA3X4akQ,X6ktqgoYGo,0.5
ZuoSuETEe7,OYHms0ErAW,0.6
cgs7Sy01EH,yJ3KmprFav,0.5
gTn652lRCn,WZMxiBEC7I,0.7
IXD4B6uAZl,LWhsyhaoyx,0.7
XDftdNMPq4,6GmSjuqPbC,0.4
t08g4uNmba,od3Znpt5lg,0.7
cyC0NCqIrj,Vzd3GLKUif,0.8
svxyWanuow,HvIG26KAw0,0.8
mRzCngHrPv,guQbm6Wghl,0.7
4hFMg6iHRF,QxoLGS7Q8z,0.8
2gF2DwAdva,GWsGtJo2R3,0.7
efbhYw75U8,s59xPs87SZ,0.5
OE8PAyuUt8,YjCfSv9cNX,1.0
45gnmZsw1X,gjyQFcjDlY,0.6
uZkEXEhWv9,Ma42FEmIrL,0.7
WdlhTjMSPb,NxfIAWYuTm,0.9
Ocqj2ecsKD,2rXTgn8JeT,0.9
sanRpX9z59,soQxjJ7WNl,0.8
PumCRcKG2N,n5g10a2EOd,0.8
YiQ0koghC8,DeACZHUF6F,0.8
tnVZ43B4qA,NKEeIHrX8o,0.4
B7AnY9N46g,7xaxaZo2LA,0.6
WgPT7NRdY7,kN72QwnVLp,0.6
Q6mpfsUXlJ,bDw4gyT1VS,0.7
r7ir7i6DYk,vc0tqQLCOB,0.7
WhKFQB2TLB,KwPMSqHlak,0.8
pYlz3WbTpc,hM0oppTONz,0.5
Tw503aglri,KTZePn9A7c,0.7
CWQqxmbKei,VvPQGNb0vz,0.8
5mOa2c78Kl,IPZETg9mOG,0.6
rwLfHMfF34,99Of00yp66,0.6
il4ljEDdaZ,rofiaumG6l,0.5
53jqh8xNpD,GrfP76ce2P,0.6
CyTXn3yYP5,LpvXpa16cv,0.9
3v8WhNF0pw,NopVtCyywC,0.6
xKXH6TeGBo,vvXspFEex0,1.1
n4RGlBrQob,d9K9OgbrNH,0.5
fre3K7sHbc,6Me80MhOfW,0.5
WOWwHxi7om,dmGIKjHzBh,0.5
OtInIk9E2I,YL8ZXK6wbv,0.6
VTxB5GCShr,w3rSY7T9oW,0.8
8BrU50O6RF,OcPfM27wzx,0.8
IFquayccdB,b6x0K7gBBu,0.7
ZibiqBDgiI,excJ9W1W6I,0.7
NC6c8oKMm8,BYAeA7poHs,0.9
LVJAt3waXo,uJZTDJPB3H,0.6
era34dMXrv,CS2YBAyCrl,0.8
Ght7KgiiSh,hhzQTC5qbd,0.8
yE5ccfQtw9,UcfqO2nBgg,0.8
5S8ezke2L4,dbICNsQUqd,0.5
YHTXoT1wxg,2BGxiCSqvn,0.7
tVdedL7CGu,XhP4RGUtgV,1.0
RmBWGbvOa1,BW1208ExxV,0.2
bwzvKy3F50,cg16m24jpW,0.7
PhHeHRiztA,EEacgGNkuO,0.6
4pKV8hKn6A,9kdeky5cGI,0.8
3DMfdt1S1K,L6B7Kasxk0,0.7
V0s0TgCdt2,4SkaoQ59Uw,0.5
OqGhMr0diN,nfsrHWVmwI,0.2
SP5JYxtkd4,EEelkUjEad,0.9
aW6IskfcG8,uNK13vL853,0.7
d6Sfkx2hto,90uDh57gpH,0.6
oAXvMcG3mv,NqBFKSDDbH,0.4
XVpivb2Bop,qHNwQuTbKd,0.7
c5BanBorZ9,UD1cZ4nAWT,0.7
dCe44oI4Il,bfU5pgSDMP,0.8
cXcMIY39dZ,oRe5BSf9Md,0.6
TXEALXqTog,MJQSHv8rax,0.6
RcYvcwrOd9,TfTpDr5Ll0,0.8
wlxP1CWZVB,dYgKLoetP0,0.5
PjEhqpV75E,ycLWVdL841,0.6
B43Jxuvapb,Ls0prNdNxR,0.8
sUbY5BcpvO,Z9oPUjBni6,0.8
ZJ0vrGh0IK,m3Is6JLtTQ,0.6
cdMd8Ne6Hm,YvqSO8RAsW,0.5
mYGw0jrJtX,HQE401hZIr,0.4
b74piea4Yy,FQXZ7t5xpt,0.5
mYezAxpBjq,lKBN3gEki8,0.5
spBZ9njddd,nQUTfjtOxK,0.7
MH0XmFSibh,1OfWr0A2eJ,0.6
SpnqturyaD,PTuVQILfmc,0.9
vPNaRjk0a6,DPGPli1vVz,0.9
EwOpmIoyS3,OdRGjQLNp8,0.7
1gEr5SAWhu,k8q0LkvEXE,0.7
V1pPgO5zil,Tb8ax23q7R,0.9
cQM6SFVtY5,3ndytkFZ84,0.7
v3KTfoGtY7,IOalLMwx4c,0.8
FZMcdPyilV,IIjMXTh6nC,0.8
5G1Eo9M7Jb,BDxCJUSLX4,0.7
kHC9NuXhSk,kY5QvXGMCD,0.4
lEEZqI4vRV,qK8NFHqfCV,0.8
OllYkfktVL,mxHDFQQMef,0.7
qM0IAvI6PE,dd5uMKkUyF,0.5
HCT3aTYqqY,mezyMw64Hi,0.5
2h3GeldToZ,P1xBG6xLdr,0.4
aQeLhVVoeQ,RXm9FFuYDR,0.7
71Z0Zol9Ap,MFKC48dAJw,0.9
MWpBiXaqnx,9w2UkY0O2B,0.9
1DtSf3tSvs,7S3YX4GUMF,0.9
d66EyLRLFV,PpvcBMpAUU,0.6
G1k8grMJaZ,Zj9QryEtnI,0.7
3DAh0jDYkf,YBjopsm91d,0.4
JqothIvTRx,5xCERa62WX,0.6
joQnEhAluK,LR0K7S77eV,0.6
4iwFjE0oQ2,hbR20UqP9w,0.6
SWrQKqBdng,VpH3pxqueo,0.7
SRp8KCvL7M,YWimoLXu9s,1.0
xNkWFoEDo6,fhfkNR7rrR,0.5
bztTPjqwyt,1My0h9IHvK,0.6
O1IkguYDov,aGnuQgqdWq,0.8
zIOwMXipc7,WmPIIgOVH0,0.5
NtXeiLPX37,5zLwSgXHxi,0.8
X3721OmM1R,2QYlAGjv3a,0.8
rfl6Fg3nkb,OHNOrtudWw,0.7
f09H4kpcfg,148WCtX3GN,0.8
LTRcmGXzOK,U1zG8XqaLI,0.9
o4xwWzOHHp,MH4TAYiZW0,0.6
ah5VDa5uxT,F6eXEEq0gb,0.9
1irFFnvIFr,KB1ZhkvyDR,0.9
Z6UDaal9As,7h6AvaDwmX,0.7
QQAjSFfQtP,9YS2f8WBs9,0.3
qHdLPdRKaV,trrIqNkNiV,0.5
yjlfUKfklD,oNDdOFd3Mq,0.9
2f0YtCKii5,df6uPJejWt,0.4
57nCK8x4qb,H8fsKPBgR9,0.7
O15yX9sr60,xPOuj8vJP6,0.7
5hdiuzwPcG,mbUA3a24UI,0.5
GbRW6zh5ZK,FOnHdckcCf,0.6
hsOfYfzsnj,ZD0qyGsnUG,0.7
9KuNhAN3IP,tjcH4Zpvki,1.0
W5qhkgw1fd,Cz168Wyq3b,0.5
yBwr3H6Tq3,N6OgeMhVmK,0.8
BSUL6yHcJ2,H8bJcqQMNr,0.7
L9VRrp2814,GqBzt3lRl7,0.8
o4LlRP0Dmp,QQdwPzoP3q,0.7
SvqOcI8elJ,LBapDDxpH6,0.6
C7BMQqHqtI,cxENuk2oIU,0.6
lTrv8NHvyi,H0q1RWK3gV,0.8
wOpfUClIOx,kc9ZtH9VMc,0.8
eMKKLKFTbk,pho1IgT1vW,0.3
owK4VjrYQx,izcuNJYZYg,0.8
z0reG2o77v,DUuU4mGngc,0.8
EtTUH1N61a,ZONT4QRDJp,0.6
Bt7CF4RwOV,27snYDZY2P,0.7
xejLAxShrf,NhuITqOuoA,0.5
tWuFCQuGRQ,k33f20u6sx,0.7
oQswxB5Zod,RibrIVi2d2,0.9
HEu8iSd0cY,LRrIiw70Kl,0.7
kxUpmlQtxD,1vUGO6rON2,1.1
6exHEG9L3e,4WzkktOdz0,0.7
2QYFA4L8Mb,9Z2fDogwxs,0.7
wULcV3bEbK,gFWfolglpo,1.0
Zoseu2HMOz,5feotkUUc9,0.5
2DJN0Wsgrd,fRGE6Zj9u3,0.7
MhAKgWGPWl,vBKrovBhOV,0.7
Pjltg6q2iD,KGYooE7Wjr,0.6
SvGiOhWLFp,ZXqTDAvmR0,1.0
13fHZWXaza,fre3K7sHbc,0.6
V3vbwZbYzE,zLeH8hAguG,0.8
DbhoQHW18C,1zBkqKOReJ,0.8
Ug3gQRUksF,yFMFTlC3BQ,0.8
7wUAzkcnls,R1qut5NRgg,0.6
TfpzHyI71j,Lt0db2G8Dj,0.6
iW2XngcXvT,Hc1pEc6RlD,0.7
dj4mU2KVmj,jLztq9h7YL,0.8
J5ZzI0ZCLt,PhZnAH4n0H,0.8
egh8PIub8h,rqJDsC2BsC,0.7
0RfZn7Bb1Y,dNtFuC5isG,0.8
EM0eY3lOWh,UlLS3IQ4Zm,0.7
HGwIsMDbOR,1pDHKTu64X,0.6
vkBnUfvGMa,hp7Z8aaCh6,0.8
wK0sKAXHtY,Jvzi7226lU,0.8
kQBp90XjrE,iOqW8jDJ5k,0.6
wEO33slJp6,tlizRUfmwn,0.9
LhFfVSCsO2,Vm6QNLIkyZ,0.7
zgfJX3yx6f,6DwbuuCS92,0.8
DmQwAyoUTs,bYwJ0KKcyW,0.6
FxIejWucph,w8zppukBKR,0.7
vAz54FNUWX,Qm06WCwL64,0.7
pct3m4ayPn,NYpqczBEg8,0.9
tLbLkbKhg7,CLu9qQNxPe,0.8
ZtosakOhRL,OK67f7wOJu,0.4
PS0fF6v1HZ,G0THlSBO5R,0.8
Xh5dQ4eVU7,pYhPkIWeiT,0.7
Y51oTwIYrG,DtMEd7jT4V,0.4
8HMTqtB0W5,C2yt4IWCWo,0.7
mWTgk91fWv,IInUYHkIvk,1.0
ZcDiSknprf,F71gnZ5zIw,1.0
1MFOMwy2Af,1RVypJMgAD,0.8
ZXyBiAIbpg,oKiiZvvbqq,0.6
nCVSpPHZkM,fvINx9QHKE,0.6
NJVoPwOrcd,H3IxZLfMzd,0.6
KnAT7cxe1K,xGSdIWHrXq,0.4
HZTYlVQtHf,kUw8STY3Bf,0.9